User,Distance_m,Path_Loss_dB,Channel_Gain,Received_Power_mW,SNR,Throughput_bps
1,233.92497076060826,111.07229751592959,7.812144151761657e-12,7.812144151761657e-10,0.7812144151761657,83286119.25160764
2,126.05027324568809,103.01631374368196,4.993081163253032e-11,4.993081163253032e-09,4.993081163253032,258329791.22079855
3,243.24007983974857,111.58105411873066,6.948556418914857e-12,6.948556418914857e-10,0.6948556418914856,76116239.80834995
4,286.95603477226825,113.73446087570275,4.232080426376874e-12,4.2320804263768736e-10,0.42320804263768735,50914656.85006801
5,115.67026760421265,101.89665220982133,6.461521281101979e-11,6.4615212811019784e-09,6.461521281101978,289946980.2189668
6,335.6540243571194,115.77675575706384,2.644383412546591e-12,2.644383412546591e-10,0.2644383412546591,33849668.75072969
7,219.81065526250273,110.26146222718477,9.415725248578635e-12,9.415725248578636e-10,0.9415725248578635,95722559.82062544
8,224.42596545069551,110.5321930641004,8.846687643543546e-12,8.846687643543546e-10,0.8846687643543546,91431098.82077165
9,98.65847701626343,99.8240322101658,1.0413501381549224e-10,1.0413501381549223e-08,10.413501381549223,351266953.7775261
10,109.7915666047156,101.21706946088162,7.556019219302459e-11,7.55601921930246e-09,7.556019219302459,309693972.32183856
